{
   "file_counts" : 12,
   "file_list" : [
      {
         "file_describe_code" : 0,
         "file_name" : "K9HZ_100W_11band_LPF-TR-carrier_01_06_26-B_Cu.gbr",
         "layer_name" : "bl"
      },
      {
         "file_describe_code" : 0,
         "file_name" : "K9HZ_100W_11band_LPF-TR-carrier_01_06_26-B_Mask.gbr",
         "layer_name" : "bs"
      },
      {
         "file_describe_code" : 4,
         "file_name" : "K9HZ_100W_11band_LPF-TR-carrier_01_06_26-B_Paste.gbr",
         "layer_name" : "nil"
      },
      {
         "file_describe_code" : 4,
         "file_name" : "K9HZ_100W_11band_LPF-TR-carrier_01_06_26-B_Silkscreen.gbr",
         "layer_name" : "nil"
      },
      {
         "file_describe_code" : 2,
         "file_name" : "K9HZ_100W_11band_LPF-TR-carrier_01_06_26-Edge_Cuts.gbr",
         "layer_name" : "gko"
      },
      {
         "file_describe_code" : 0,
         "file_name" : "K9HZ_100W_11band_LPF-TR-carrier_01_06_26-F_Cu.gbr",
         "layer_name" : "tl"
      },
      {
         "file_describe_code" : 0,
         "file_name" : "K9HZ_100W_11band_LPF-TR-carrier_01_06_26-F_Mask.gbr",
         "layer_name" : "ts"
      },
      {
         "file_describe_code" : 0,
         "file_name" : "K9HZ_100W_11band_LPF-TR-carrier_01_06_26-F_Paste.gbr",
         "layer_name" : "tp"
      },
      {
         "file_describe_code" : 0,
         "file_name" : "K9HZ_100W_11band_LPF-TR-carrier_01_06_26-F_Silkscreen.gbr",
         "layer_name" : "to"
      },
      {
         "file_describe_code" : 4,
         "file_name" : "K9HZ_100W_11band_LPF-TR-carrier_01_06_26-NPTH.drl",
         "layer_name" : "nil"
      },
      {
         "file_describe_code" : 0,
         "file_name" : "K9HZ_100W_11band_LPF-TR-carrier_01_06_26-PTH.drl",
         "layer_name" : "drl"
      },
      {
         "file_describe_code" : 4,
         "file_name" : "K9HZ_100W_11band_LPF-TR-carrier_01_06_26-job.gbrjob",
         "layer_name" : "nil"
      }
   ]
}
